id;full_name;email;phone_number;gender
1;luminous knowingly sniff;Chet37@hotmail.com;0987654321;FEMALE
2;calmly archaeologist only;Josefina.Rolfson92@hotmail.com;0123456789;MALE
3;while maracas;Johnnie.Frami@gmail.com;snarling;FEMALE
4;the festival;Dawson42@gmail.com;jagged tattoo pish;MALE
5;times;Kyleigh_Moore@gmail.com;commemorate save;FEMALE
6;pyramid smart;Joaquin_Windler@yahoo.com;uselessly;FEMALE
7;zowie;Margaret0@yahoo.com;metric until since;MALE
8;yowza pish;Everardo.Rolfson-Hahn68@yahoo.com;far-flung throughout;MALE
9;unwelcome;Javonte91@gmail.com;silkworm bangle senior;FEMALE
10;prescribe emphasis dearly;Candido47@hotmail.com;soliloquize;MALE
